[
{
  "fields": {
    "groups": [],
    "first_name": "",
    "email": "",
    "user_permissions": [],
    "is_staff": true,
    "date_joined": "2016-01-08T19:30:00.704Z",
    "password": "pbkdf2_sha256$20000$f8TMJP2MIESU$sK1XP+RjTAi7oA+ydAU+Ls7V+QIyVYYNwB/ZCmeVlZg=",
    "username": "admin",
    "is_superuser": true,
    "last_name": "",
    "last_login": "2016-01-16T21:01:19.300Z",
    "is_active": true
  },
  "model": "auth.user",
  "pk": 1
},
{
  "fields": {
    "groups": [],
    "first_name": "",
    "email": "j2119394@trbvm.com",
    "user_permissions": [],
    "is_staff": false,
    "date_joined": "2016-01-10T23:18:36.723Z",
    "password": "pbkdf2_sha256$20000$8b0mNTwHnJaN$gJdaheKmJaomKtN9J00VuG1jPe5WrI0r1p0/Rnv7EwQ=",
    "username": "testuser",
    "is_superuser": false,
    "last_name": "",
    "last_login": "2016-01-11T15:38:37.818Z",
    "is_active": true
  },
  "model": "auth.user",
  "pk": 2
},
{
  "fields": {
    "groups": [],
    "first_name": "",
    "email": "j2165941@trbvm.com",
    "user_permissions": [],
    "is_staff": false,
    "date_joined": "2016-01-11T15:45:21.048Z",
    "password": "pbkdf2_sha256$20000$a3A7Lf4VsCmF$r3n9G6M6lCdLbj9VaS1viuTWm1h0PHM3e9M3zzX5eFY=",
    "username": "erkkiesimerkki",
    "is_superuser": false,
    "last_name": "",
    "last_login": "2016-01-15T14:39:47.745Z",
    "is_active": true
  },
  "model": "auth.user",
  "pk": 3
},
{
  "fields": {
    "groups": [],
    "first_name": "",
    "email": "paula.karppine@gmail.com",
    "user_permissions": [],
    "is_staff": false,
    "date_joined": "2016-01-15T16:44:01.328Z",
    "password": "pbkdf2_sha256$20000$KpSMFZDHKAF6$uHLzOYrV5XmHXHF3TbLLy2sLNBrsiFyQyqBupfd4oBg=",
    "username": "karppipa",
    "is_superuser": false,
    "last_name": "",
    "last_login": "2016-01-15T16:45:16.807Z",
    "is_active": true
  },
  "model": "auth.user",
  "pk": 4
},
{
  "fields": {
    "expire_date": "2016-01-27T20:19:04.844Z",
    "session_data": "ZDBjMGIxNDAxZmRmOTlhMWM1M2M3YzViMDAwMTA0NzdjMmYzYzVmMjp7Il9hdXRoX3VzZXJfYmFja2VuZCI6ImRqYW5nby5jb250cmliLmF1dGguYmFja2VuZHMuTW9kZWxCYWNrZW5kIiwiX2F1dGhfdXNlcl9oYXNoIjoiNGNlNDJiY2YxYTUxYzY3YzU5MDgzZDE5YzVmYTJiOTBhN2I2OWI2YiIsIl9hdXRoX3VzZXJfaWQiOiIzIn0="
  },
  "model": "sessions.session",
  "pk": "4w2zlpuosj5d5j3anp95yal6dptoww0l"
},
{
  "fields": {
    "expire_date": "2016-01-25T15:46:45.476Z",
    "session_data": "MjlhNGEwZjRjYzUxMjNiZmJkYzkyOGZjYzAyZWZmMTIyYzFkMzgyZjp7IlJFR0lTVFJBVElPTl9BVVRPX0xPR0lOIjp0cnVlLCJfYXV0aF91c2VyX2lkIjoiMyIsIl9hdXRoX3VzZXJfaGFzaCI6IjRjZTQyYmNmMWE1MWM2N2M1OTA4M2QxOWM1ZmEyYjkwYTdiNjliNmIiLCJfYXV0aF91c2VyX2JhY2tlbmQiOiJkamFuZ28uY29udHJpYi5hdXRoLmJhY2tlbmRzLk1vZGVsQmFja2VuZCJ9"
  },
  "model": "sessions.session",
  "pk": "6ahxve83k3ox2thtz4y418etq17qvj3s"
},
{
  "fields": {
    "expire_date": "2016-01-27T18:43:35.986Z",
    "session_data": "YzJhNjJjZWM1MTM0MjdjMmU4YWJkNDhmYjRiYmI2YmQyMjg3NzViZTp7Il9hdXRoX3VzZXJfaWQiOiIzIiwiX2F1dGhfdXNlcl9iYWNrZW5kIjoiZGphbmdvLmNvbnRyaWIuYXV0aC5iYWNrZW5kcy5Nb2RlbEJhY2tlbmQiLCJfYXV0aF91c2VyX2hhc2giOiI0Y2U0MmJjZjFhNTFjNjdjNTkwODNkMTljNWZhMmI5MGE3YjY5YjZiIn0="
  },
  "model": "sessions.session",
  "pk": "7qj6g1fbwnirgpwnoogzslpd4dwlvf1b"
},
{
  "fields": {
    "expire_date": "2016-01-22T19:30:05.308Z",
    "session_data": "NTg3NTYwYjRlYmYyODJmMThmMzg5OTU4MTkyODczMjhlMWFlYWE0Nzp7Il9hdXRoX3VzZXJfaGFzaCI6IjhjMTQ1N2E2NTFkNTJhYTU2MjE2ZTdjZThiNmYxYmJmZWFjNGZiMjYiLCJfYXV0aF91c2VyX2JhY2tlbmQiOiJkamFuZ28uY29udHJpYi5hdXRoLmJhY2tlbmRzLk1vZGVsQmFja2VuZCIsIl9hdXRoX3VzZXJfaWQiOiIxIn0="
  },
  "model": "sessions.session",
  "pk": "awx1n31qg8f1jxldvr0r58526nroxmdr"
},
{
  "fields": {
    "expire_date": "2016-01-27T20:49:48.179Z",
    "session_data": "ZDBjMGIxNDAxZmRmOTlhMWM1M2M3YzViMDAwMTA0NzdjMmYzYzVmMjp7Il9hdXRoX3VzZXJfYmFja2VuZCI6ImRqYW5nby5jb250cmliLmF1dGguYmFja2VuZHMuTW9kZWxCYWNrZW5kIiwiX2F1dGhfdXNlcl9oYXNoIjoiNGNlNDJiY2YxYTUxYzY3YzU5MDgzZDE5YzVmYTJiOTBhN2I2OWI2YiIsIl9hdXRoX3VzZXJfaWQiOiIzIn0="
  },
  "model": "sessions.session",
  "pk": "b8kt044sft1xabouz2032cgrwpt9g426"
},
{
  "fields": {
    "expire_date": "2016-01-29T16:45:16.816Z",
    "session_data": "M2QxZDNkOWE1NzQzNTlmYjAyOTJmOWMxZmU1MDhmMTZjMzFjYjgzZDp7Il9hdXRoX3VzZXJfaGFzaCI6IjgxMzViODEyMDAyMWEzMzNkNWMyZjE2ZTc2MTFmMTQ1NGI5NzRjYTkiLCJfYXV0aF91c2VyX2lkIjoiNCIsIlJFR0lTVFJBVElPTl9BVVRPX0xPR0lOIjp0cnVlLCJfYXV0aF91c2VyX2JhY2tlbmQiOiJkamFuZ28uY29udHJpYi5hdXRoLmJhY2tlbmRzLk1vZGVsQmFja2VuZCJ9"
  },
  "model": "sessions.session",
  "pk": "cx1h7jsfw4lrnwaiwfyk9ysd8xagpu0q"
},
{
  "fields": {
    "expire_date": "2016-01-30T21:01:19.976Z",
    "session_data": "NDIwMGE5YTk3OGU4MmZhOTFhNDMzZjA3ZWZlMzMzMzQwOWNmM2YyNjp7Il9hdXRoX3VzZXJfYmFja2VuZCI6ImRqYW5nby5jb250cmliLmF1dGguYmFja2VuZHMuTW9kZWxCYWNrZW5kIiwiX2F1dGhfdXNlcl9pZCI6IjEiLCJfYXV0aF91c2VyX2hhc2giOiI4YzE0NTdhNjUxZDUyYWE1NjIxNmU3Y2U4YjZmMWJiZmVhYzRmYjI2In0="
  },
  "model": "sessions.session",
  "pk": "d8u11ehn0of85nva6jqrusxacqm7w0v6"
},
{
  "fields": {
    "expire_date": "2016-01-24T23:19:23.399Z",
    "session_data": "ZGU3ZmFkMjRjMTAyYmQ5ZDYyZjY1N2I2ZGNiYzE4ZTdkYTczOTMwZjp7Il9hdXRoX3VzZXJfaWQiOiIyIiwiX2F1dGhfdXNlcl9oYXNoIjoiOGYyMDBmOWM2ZGVkNDIwNzljZTE5MTg0MGYxNDZlYjA3YTg3YjUzNSIsIl9hdXRoX3VzZXJfYmFja2VuZCI6ImRqYW5nby5jb250cmliLmF1dGguYmFja2VuZHMuTW9kZWxCYWNrZW5kIiwiUkVHSVNUUkFUSU9OX0FVVE9fTE9HSU4iOnRydWV9"
  },
  "model": "sessions.session",
  "pk": "k94nnrs6mygnf8g917yrke7hjkar3xbm"
},
{
  "fields": {
    "expire_date": "2016-01-27T23:41:43.810Z",
    "session_data": "NTFiZDNlZGVmOWEwMTk5MzI5ZmRiYzFhNjFmMWZiNWQ4MDFkZGQ0NDp7Il9hdXRoX3VzZXJfaWQiOiIxIiwiX2F1dGhfdXNlcl9iYWNrZW5kIjoiZGphbmdvLmNvbnRyaWIuYXV0aC5iYWNrZW5kcy5Nb2RlbEJhY2tlbmQiLCJfYXV0aF91c2VyX2hhc2giOiI4YzE0NTdhNjUxZDUyYWE1NjIxNmU3Y2U4YjZmMWJiZmVhYzRmYjI2In0="
  },
  "model": "sessions.session",
  "pk": "lizfzyqehh24c7d5v7wg1rc18390dfzs"
},
{
  "fields": {
    "name": "spocker.herokuapp.com",
    "domain": "spocker.herokuapp.com"
  },
  "model": "sites.site",
  "pk": 1
},
{
  "fields": {
    "image": "https://ucarecdn.com/e2e29c2f-2353-4f9d-9f7e-46175e0d1245/"
  },
  "model": "imgshare.image",
  "pk": "abirnq"
},
{
  "fields": {
    "image": "https://ucarecdn.com/a5dd5483-af35-4474-95a4-04baeb9737de/"
  },
  "model": "imgshare.image",
  "pk": "aurclp"
},
{
  "fields": {
    "image": "https://ucarecdn.com/2e2c96f1-9d06-45cd-9245-7331b264da6f/"
  },
  "model": "imgshare.image",
  "pk": "boudtw"
},
{
  "fields": {
    "image": "https://ucarecdn.com/dab7a310-afe4-470e-ae3d-d1d2bfc76c61/-/crop/506x575/0,0/-/preview/"
  },
  "model": "imgshare.image",
  "pk": "dktiph"
},
{
  "fields": {
    "image": "https://ucarecdn.com/4a4d9950-0e32-4168-9b1d-4f7c0ec7a1d6/"
  },
  "model": "imgshare.image",
  "pk": "dqpomg"
},
{
  "fields": {
    "image": "https://ucarecdn.com/0d4f9a90-e054-4286-8a53-f313f38992a4/"
  },
  "model": "imgshare.image",
  "pk": "drfbcx"
},
{
  "fields": {
    "image": "https://ucarecdn.com/a5e1d903-34bd-4484-846d-9df48a5d9b2c/"
  },
  "model": "imgshare.image",
  "pk": "ejhzcf"
},
{
  "fields": {
    "image": "https://ucarecdn.com/446b8c5e-47a5-4908-a5d0-0f14aca53ade/"
  },
  "model": "imgshare.image",
  "pk": "fbvomq"
},
{
  "fields": {
    "image": "https://ucarecdn.com/8b49773f-befd-494b-8d55-46d4b5a32194/"
  },
  "model": "imgshare.image",
  "pk": "geyrdu"
},
{
  "fields": {
    "image": "https://ucarecdn.com/ebfaaff9-164a-418c-8b3c-498f124ae839/"
  },
  "model": "imgshare.image",
  "pk": "htzcjw"
},
{
  "fields": {
    "image": "https://ucarecdn.com/3fa51fa3-22ce-4155-a1c7-42592ec5e327/"
  },
  "model": "imgshare.image",
  "pk": "hvziew"
},
{
  "fields": {
    "image": "https://ucarecdn.com/8a22ec6b-2050-475a-9bb1-47e030f03e99/"
  },
  "model": "imgshare.image",
  "pk": "iojwfc"
},
{
  "fields": {
    "image": "https://ucarecdn.com/4dea9243-4534-43d5-8c40-fab6f680b527/-/crop/3062x3325/402,748/-/preview/"
  },
  "model": "imgshare.image",
  "pk": "iuzmph"
},
{
  "fields": {
    "image": "https://ucarecdn.com/c7c11823-979a-4abe-acd5-9ca696762816/"
  },
  "model": "imgshare.image",
  "pk": "jfromy"
},
{
  "fields": {
    "image": "https://ucarecdn.com/5b7aeaf8-6ace-4ff4-8c8e-33331bc3bb61/"
  },
  "model": "imgshare.image",
  "pk": "jqildv"
},
{
  "fields": {
    "image": "https://ucarecdn.com/f825c183-6f76-4d8f-8b6d-4af600f20b23/-/crop/1141x1523/353,780/-/preview/"
  },
  "model": "imgshare.image",
  "pk": "knvraf"
},
{
  "fields": {
    "image": "https://ucarecdn.com/9c70683b-51ab-4c64-b838-b58b95e5d8dd/"
  },
  "model": "imgshare.image",
  "pk": "lhupmj"
},
{
  "fields": {
    "image": "https://ucarecdn.com/7ab955ee-fd08-4d36-853b-f016a40da4b2/"
  },
  "model": "imgshare.image",
  "pk": "nrgquj"
},
{
  "fields": {
    "image": "https://ucarecdn.com/bc8a38aa-173f-49bd-b9c0-430d9f06f133/"
  },
  "model": "imgshare.image",
  "pk": "oaizgk"
},
{
  "fields": {
    "image": "https://ucarecdn.com/9bc6484b-e20b-44a1-b542-8b6fe8bbda44/"
  },
  "model": "imgshare.image",
  "pk": "ohtrmq"
},
{
  "fields": {
    "image": "https://ucarecdn.com/c4d6269b-2fed-49ec-88b0-cffbe89a4f50/"
  },
  "model": "imgshare.image",
  "pk": "ozdbvk"
},
{
  "fields": {
    "image": "https://ucarecdn.com/286c06fa-d4ed-4580-b985-84e2faf45c37/-/crop/4265x3175/955,0/-/preview/"
  },
  "model": "imgshare.image",
  "pk": "qmrpxt"
},
{
  "fields": {
    "image": "https://ucarecdn.com/14f50f49-04eb-400c-9094-ca155557ac22/-/crop/600x516/0,16/-/preview/"
  },
  "model": "imgshare.image",
  "pk": "qsjxoh"
},
{
  "fields": {
    "image": "https://ucarecdn.com/d31bf8c1-780b-4b50-977e-9264e1600209/"
  },
  "model": "imgshare.image",
  "pk": "rtohcv"
},
{
  "fields": {
    "image": "https://ucarecdn.com/0d277e24-57c1-4ed0-bd44-49d2f91184f3/"
  },
  "model": "imgshare.image",
  "pk": "rydwjk"
},
{
  "fields": {
    "image": "https://ucarecdn.com/3c9ac9ee-d026-4718-9d63-c80575500b04/-/crop/1185x1180/607,1018/-/preview/"
  },
  "model": "imgshare.image",
  "pk": "scnibd"
},
{
  "fields": {
    "image": "https://ucarecdn.com/61f26c0a-b0de-478f-a208-8856c4353c5d/"
  },
  "model": "imgshare.image",
  "pk": "sghwld"
},
{
  "fields": {
    "image": "https://ucarecdn.com/b7f6db8e-924f-4791-9313-7ab06bf3621e/"
  },
  "model": "imgshare.image",
  "pk": "sjfwlh"
},
{
  "fields": {
    "image": "https://ucarecdn.com/2230c41a-73e9-4a0c-b880-58747ebfffc7/-/crop/2967x4016/797,729/-/preview/"
  },
  "model": "imgshare.image",
  "pk": "tmsdaz"
},
{
  "fields": {
    "image": "https://ucarecdn.com/728bac6e-87bc-4f2a-9e63-24454888a0d3/"
  },
  "model": "imgshare.image",
  "pk": "tqhvrs"
},
{
  "fields": {
    "image": "https://ucarecdn.com/8567e603-adfc-49ba-b51c-ee6c2252ea2f/"
  },
  "model": "imgshare.image",
  "pk": "twxiky"
},
{
  "fields": {
    "image": "https://ucarecdn.com/6ba24699-6f78-4423-b9a7-ff0afab87d46/"
  },
  "model": "imgshare.image",
  "pk": "tzqyue"
},
{
  "fields": {
    "image": "https://ucarecdn.com/a1b658a9-59f5-4dd9-b1fb-0688dbdeff2b/-/crop/538x684/28,27/-/preview/"
  },
  "model": "imgshare.image",
  "pk": "udbkvn"
},
{
  "fields": {
    "image": "https://ucarecdn.com/dfe928f9-03d6-4925-94a0-9917a23ed572/"
  },
  "model": "imgshare.image",
  "pk": "uepfqz"
},
{
  "fields": {
    "image": "https://ucarecdn.com/4cc8e77c-1db5-4cd5-8ac7-2c0c439a35c3/"
  },
  "model": "imgshare.image",
  "pk": "uzgjla"
},
{
  "fields": {
    "image": "https://ucarecdn.com/211d0cc4-ec50-4263-9ceb-8de13c9d3658/"
  },
  "model": "imgshare.image",
  "pk": "vuiaem"
},
{
  "fields": {
    "image": "https://ucarecdn.com/e0c3d1c2-5217-490e-ac16-97778781ba9e/"
  },
  "model": "imgshare.image",
  "pk": "vyulnw"
},
{
  "fields": {
    "image": "https://ucarecdn.com/05d760e9-5020-4531-9bce-a97649511c70/"
  },
  "model": "imgshare.image",
  "pk": "wjylon"
},
{
  "fields": {
    "image": "https://ucarecdn.com/9cc2e707-a21d-4a12-bc13-6f3abbd4e31d/"
  },
  "model": "imgshare.image",
  "pk": "wqurks"
},
{
  "fields": {
    "image": "https://ucarecdn.com/f8a03e34-6e30-4df3-9118-c88b0193e0cc/-/crop/489x713/152,100/-/preview/"
  },
  "model": "imgshare.image",
  "pk": "ystahz"
},
{
  "fields": {
    "image": "https://ucarecdn.com/dfe928f9-03d6-4925-94a0-9917a23ed572/"
  },
  "model": "imgshare.image",
  "pk": "ywiajq"
},
{
  "fields": {
    "image": "https://ucarecdn.com/aac557f0-2315-48e2-9866-d3d5b6be73c7/"
  },
  "model": "imgshare.image",
  "pk": "zgylwm"
},
{
  "fields": {
    "image": "https://ucarecdn.com/5b72abb6-3bb4-4c91-adce-995bbed2e689/"
  },
  "model": "imgshare.image",
  "pk": "ztolgu"
},
{
  "fields": {
    "activation_key": "ALREADY_ACTIVATED",
    "user": 2
  },
  "model": "registration.registrationprofile",
  "pk": 1
},
{
  "fields": {
    "activation_key": "ALREADY_ACTIVATED",
    "user": 3
  },
  "model": "registration.registrationprofile",
  "pk": 2
},
{
  "fields": {
    "activation_key": "ALREADY_ACTIVATED",
    "user": 4
  },
  "model": "registration.registrationprofile",
  "pk": 3
},
{
  "fields": {
    "user_email": "miukumauku@as.as",
    "user": 1,
    "site": 1,
    "is_public": true,
    "comment": "eka kommentti ikuna",
    "user_name": "nimi",
    "submit_date": "2016-01-13T14:53:36.146Z",
    "ip_address": "127.0.0.1",
    "is_removed": false,
    "object_pk": "drfbcx",
    "user_url": "",
    "content_type": 12
  },
  "model": "django_comments.comment",
  "pk": 1
},
{
  "fields": {
    "user_email": "test@test.com",
    "user": 1,
    "site": 1,
    "is_public": true,
    "comment": "test comment",
    "user_name": "test",
    "submit_date": "2016-01-13T16:53:02.957Z",
    "ip_address": "127.0.0.1",
    "is_removed": false,
    "object_pk": "tmsdaz",
    "user_url": "",
    "content_type": 12
  },
  "model": "django_comments.comment",
  "pk": 2
},
{
  "fields": {
    "user_email": "blaablaa@blaa.blaa",
    "user": 1,
    "site": 1,
    "is_public": true,
    "comment": "blaablaa\r\n",
    "user_name": "blaa",
    "submit_date": "2016-01-13T16:54:30.624Z",
    "ip_address": "127.0.0.1",
    "is_removed": false,
    "object_pk": "tmsdaz",
    "user_url": "",
    "content_type": 12
  },
  "model": "django_comments.comment",
  "pk": 3
},
{
  "fields": {
    "user_email": "asd@asd.asd",
    "user": 1,
    "site": 1,
    "is_public": true,
    "comment": "asd",
    "user_name": "asd",
    "submit_date": "2016-01-13T18:00:17.044Z",
    "ip_address": "127.0.0.1",
    "is_removed": false,
    "object_pk": "tmsdaz",
    "user_url": "",
    "content_type": 12
  },
  "model": "django_comments.comment",
  "pk": 4
},
{
  "fields": {
    "user_email": "j2165941@trbvm.com",
    "user": 3,
    "site": 1,
    "is_public": true,
    "comment": "Lol",
    "user_name": "erkkiesimerkki",
    "submit_date": "2016-01-13T18:34:50.871Z",
    "ip_address": "127.0.0.1",
    "is_removed": false,
    "object_pk": "drfbcx",
    "user_url": "",
    "content_type": 12
  },
  "model": "django_comments.comment",
  "pk": 5
},
{
  "fields": {
    "user_email": "j2165941@trbvm.com",
    "user": 3,
    "site": 1,
    "is_public": true,
    "comment": "testi",
    "user_name": "erkkiesimerkki",
    "submit_date": "2016-01-13T18:40:17.341Z",
    "ip_address": "127.0.0.1",
    "is_removed": false,
    "object_pk": "drfbcx",
    "user_url": "",
    "content_type": 12
  },
  "model": "django_comments.comment",
  "pk": 6
},
{
  "fields": {
    "user_email": "j2165941@trbvm.com",
    "user": 3,
    "site": 1,
    "is_public": true,
    "comment": "herp derp",
    "user_name": "erkkiesimerkki",
    "submit_date": "2016-01-13T19:15:08.116Z",
    "ip_address": "127.0.0.1",
    "is_removed": false,
    "object_pk": "tmsdaz",
    "user_url": "",
    "content_type": 12
  },
  "model": "django_comments.comment",
  "pk": 7
},
{
  "fields": {
    "user_email": "j2165941@trbvm.com",
    "user": 3,
    "site": 1,
    "is_public": true,
    "comment": "Terve!",
    "user_name": "erkkiesimerkki",
    "submit_date": "2016-01-13T19:17:35.786Z",
    "ip_address": "127.0.0.1",
    "is_removed": false,
    "object_pk": "tmsdaz",
    "user_url": "",
    "content_type": 12
  },
  "model": "django_comments.comment",
  "pk": 8
},
{
  "fields": {
    "user_email": "j2165941@trbvm.com",
    "user": 3,
    "site": 1,
    "is_public": true,
    "comment": "asd",
    "user_name": "erkkiesimerkki",
    "submit_date": "2016-01-13T19:46:15.746Z",
    "ip_address": "127.0.0.1",
    "is_removed": false,
    "object_pk": "tmsdaz",
    "user_url": "",
    "content_type": 12
  },
  "model": "django_comments.comment",
  "pk": 9
},
{
  "fields": {
    "user_email": "j2165941@trbvm.com",
    "user": 3,
    "site": 1,
    "is_public": true,
    "comment": "hahah",
    "user_name": "erkkiesimerkki",
    "submit_date": "2016-01-13T19:48:31.614Z",
    "ip_address": "127.0.0.1",
    "is_removed": false,
    "object_pk": "tmsdaz",
    "user_url": "",
    "content_type": 12
  },
  "model": "django_comments.comment",
  "pk": 10
},
{
  "fields": {
    "user_email": "j2165941@trbvm.com",
    "user": 3,
    "site": 1,
    "is_public": true,
    "comment": "Mobile",
    "user_name": "erkkiesimerkki",
    "submit_date": "2016-01-13T20:19:33.934Z",
    "ip_address": "10.168.190.187",
    "is_removed": false,
    "object_pk": "drfbcx",
    "user_url": "",
    "content_type": 12
  },
  "model": "django_comments.comment",
  "pk": 11
},
{
  "fields": {
    "user_email": "",
    "user": 3,
    "site": 1,
    "is_public": true,
    "comment": "Yo, piggy!",
    "user_name": "",
    "submit_date": "2016-01-13T23:19:08.876Z",
    "ip_address": "127.0.0.1",
    "is_removed": false,
    "object_pk": "drfbcx",
    "user_url": "",
    "content_type": 12
  },
  "model": "django_comments.comment",
  "pk": 12
},
{
  "fields": {
    "user_email": "j2165941@trbvm.com",
    "user": 3,
    "site": 1,
    "is_public": true,
    "comment": "Waaaa",
    "user_name": "erkkiesimerkki",
    "submit_date": "2016-01-14T10:15:37.878Z",
    "ip_address": "10.144.102.111",
    "is_removed": false,
    "object_pk": "wjylon",
    "user_url": "",
    "content_type": 12
  },
  "model": "django_comments.comment",
  "pk": 13
},
{
  "fields": {
    "user_email": "",
    "user": 3,
    "site": 1,
    "is_public": true,
    "comment": "Heh",
    "user_name": "",
    "submit_date": "2016-01-15T14:40:06.719Z",
    "ip_address": "127.0.0.1",
    "is_removed": false,
    "object_pk": "hvziew",
    "user_url": "",
    "content_type": 12
  },
  "model": "django_comments.comment",
  "pk": 14
},
{
  "fields": {
    "user_email": "paula.karppine@gmail.com",
    "user": 4,
    "site": 1,
    "is_public": true,
    "comment": "Hieno kuha!",
    "user_name": "karppipa",
    "submit_date": "2016-01-15T16:47:09.286Z",
    "ip_address": "10.139.103.181",
    "is_removed": false,
    "object_pk": "aurclp",
    "user_url": "",
    "content_type": 12
  },
  "model": "django_comments.comment",
  "pk": 15
},
{
  "fields": {
    "user_email": "paula.karppine@gmail.com",
    "user": 4,
    "site": 1,
    "is_public": true,
    "comment": "Hieno kruha!",
    "user_name": "karppipa",
    "submit_date": "2016-01-15T16:47:25.987Z",
    "ip_address": "10.139.103.181",
    "is_removed": false,
    "object_pk": "aurclp",
    "user_url": "",
    "content_type": 12
  },
  "model": "django_comments.comment",
  "pk": 16
},
{
  "fields": {
    "user_email": "paula.karppine@gmail.com",
    "user": 4,
    "site": 1,
    "is_public": true,
    "comment": "-_-",
    "user_name": "karppipa",
    "submit_date": "2016-01-15T16:48:10.148Z",
    "ip_address": "10.139.103.181",
    "is_removed": false,
    "object_pk": "ozdbvk",
    "user_url": "",
    "content_type": 12
  },
  "model": "django_comments.comment",
  "pk": 17
},
{
  "fields": {
    "user_email": "paula.karppine@gmail.com",
    "user": 4,
    "site": 1,
    "is_public": true,
    "comment": "onkos t\u00e4m\u00e4 lastenlinnan sairaala kenties?",
    "user_name": "karppipa",
    "submit_date": "2016-01-15T16:50:44.284Z",
    "ip_address": "10.144.38.115",
    "is_removed": false,
    "object_pk": "vyulnw",
    "user_url": "",
    "content_type": 12
  },
  "model": "django_comments.comment",
  "pk": 18
},
{
  "fields": {
    "user_email": "j2165941@trbvm.com",
    "user": 3,
    "site": 1,
    "is_public": true,
    "comment": "Hyv\u00e4\u00e4\u00e4!",
    "user_name": "erkkiesimerkki",
    "submit_date": "2016-01-15T19:02:50.343Z",
    "ip_address": "10.157.94.91",
    "is_removed": false,
    "object_pk": "ystahz",
    "user_url": "",
    "content_type": 12
  },
  "model": "django_comments.comment",
  "pk": 19
},
{
  "fields": {
    "user_email": "j2165941@trbvm.com",
    "user": 3,
    "site": 1,
    "is_public": true,
    "comment": "0_0",
    "user_name": "erkkiesimerkki",
    "submit_date": "2016-01-15T19:07:33.252Z",
    "ip_address": "10.157.94.91",
    "is_removed": false,
    "object_pk": "dqpomg",
    "user_url": "",
    "content_type": 12
  },
  "model": "django_comments.comment",
  "pk": 20
}
]
